-- phpMyAdmin SQL Dump
-- version 3.5.2.2
-- http://www.phpmyadmin.net
--
-- Servidor: 127.0.0.1
-- Tiempo de generación: 24-10-2014 a las 04:34:34
-- Versión del servidor: 5.5.27
-- Versión de PHP: 5.4.7

SET SQL_MODE="NO_AUTO_VALUE_ON_ZERO";
SET time_zone = "+00:00";


/*!40101 SET @OLD_CHARACTER_SET_CLIENT=@@CHARACTER_SET_CLIENT */;
/*!40101 SET @OLD_CHARACTER_SET_RESULTS=@@CHARACTER_SET_RESULTS */;
/*!40101 SET @OLD_COLLATION_CONNECTION=@@COLLATION_CONNECTION */;
/*!40101 SET NAMES utf8 */;

--
-- Base de datos: `proyecto`
--

--
-- Volcado de datos para la tabla `clase`
--

INSERT INTO `clase` (`id_clase`, `id_tema`, `nombre_clase`, `descripcion_clase`) VALUES
(1, 1, 'Uso de condicionales (If - Else)', 'Uso de condicionales para el desarrollo de algoritmos.'),
(2, 1, 'Ciclos (for)', 'Uso de ciclos (for) para realzar tareas repetitivas. Ejercicios.'),
(3, 1, 'Recursividad', 'Utilizaci'),
(4, 2, 'Definici', 'Clase introductoria al concepto de funci');

--
-- Volcado de datos para la tabla `clase_pregunta`
--

INSERT INTO `clase_pregunta` (`id_clase_pregunta`, `nombre_clase_pregunta`) VALUES
(1, 'Selecccion Simple'),
(2, 'Seleccion Multiple'),
(3, 'Verdadero o Falso'),
(4, 'Pareamiento');

--
-- Volcado de datos para la tabla `cruge_authassignment`
--

INSERT INTO `cruge_authassignment` (`userid`, `bizrule`, `data`, `itemname`) VALUES
(2, NULL, 'N;', 'Invitado'),
(3, NULL, 'N;', 'Estudiante'),
(4, NULL, 'N;', 'Docente'),
(5, NULL, 'N;', 'Administrador'),
(6, NULL, 'N;', 'Docente'),
(7, NULL, 'N;', 'Estudiante');

--
-- Volcado de datos para la tabla `cruge_authitem`
--

INSERT INTO `cruge_authitem` (`name`, `type`, `description`, `bizrule`, `data`) VALUES
('action_clase_admin', 0, '', NULL, 'N;'),
('action_clase_clases', 0, '', NULL, 'N;'),
('action_clase_create', 0, '', NULL, 'N;'),
('action_clase_delete', 0, '', NULL, 'N;'),
('action_clase_index', 0, '', NULL, 'N;'),
('action_clase_update', 0, '', NULL, 'N;'),
('action_clase_view', 0, '', NULL, 'N;'),
('action_clasepregunta_admin', 0, '', NULL, 'N;'),
('action_clasepregunta_create', 0, '', NULL, 'N;'),
('action_clasepregunta_delete', 0, '', NULL, 'N;'),
('action_clasepregunta_index', 0, '', NULL, 'N;'),
('action_clasepregunta_update', 0, '', NULL, 'N;'),
('action_clasepregunta_view', 0, '', NULL, 'N;'),
('action_curso_admin', 0, '', NULL, 'N;'),
('action_curso_create', 0, '', NULL, 'N;'),
('action_curso_delete', 0, '', NULL, 'N;'),
('action_curso_index', 0, '', NULL, 'N;'),
('action_curso_indexdocente', 0, '', NULL, 'N;'),
('action_curso_indexestudiante', 0, '', NULL, 'N;'),
('action_curso_temas', 0, '', NULL, 'N;'),
('action_curso_update', 0, '', NULL, 'N;'),
('action_curso_view', 0, '', NULL, 'N;'),
('action_cursoestudiantes_admin', 0, '', NULL, 'N;'),
('action_cursoestudiantes_create', 0, '', NULL, 'N;'),
('action_cursoestudiantes_delete', 0, '', NULL, 'N;'),
('action_cursoestudiantes_index', 0, '', NULL, 'N;'),
('action_cursoestudiantes_update', 0, '', NULL, 'N;'),
('action_cursoestudiantes_view', 0, '', NULL, 'N;'),
('action_estudianteevaluacion_admin', 0, '', NULL, 'N;'),
('action_estudianteevaluacion_create', 0, '', NULL, 'N;'),
('action_estudianteevaluacion_delete', 0, '', NULL, 'N;'),
('action_estudianteevaluacion_index', 0, '', NULL, 'N;'),
('action_estudianteevaluacion_loadcursos', 0, '', NULL, 'N;'),
('action_estudianteevaluacion_update', 0, '', NULL, 'N;'),
('action_estudianteevaluacion_view', 0, '', NULL, 'N;'),
('action_evaluacion_admin', 0, '', NULL, 'N;'),
('action_evaluacion_create', 0, '', NULL, 'N;'),
('action_evaluacion_delete', 0, '', NULL, 'N;'),
('action_evaluacion_index', 0, '', NULL, 'N;'),
('action_evaluacion_loadcursos', 0, '', NULL, 'N;'),
('action_evaluacion_notas', 0, '', NULL, 'N;'),
('action_evaluacion_update', 0, '', NULL, 'N;'),
('action_evaluacion_view', 0, '', NULL, 'N;'),
('action_hola_index', 0, '', NULL, 'N;'),
('action_mensaje_admin', 0, '', NULL, 'N;'),
('action_mensaje_create', 0, '', NULL, 'N;'),
('action_mensaje_delete', 0, '', NULL, 'N;'),
('action_mensaje_index', 0, '', NULL, 'N;'),
('action_mensaje_update', 0, '', NULL, 'N;'),
('action_mensaje_view', 0, '', NULL, 'N;'),
('action_pregunta_admin', 0, '', NULL, 'N;'),
('action_pregunta_create', 0, '', NULL, 'N;'),
('action_pregunta_delete', 0, '', NULL, 'N;'),
('action_pregunta_index', 0, '', NULL, 'N;'),
('action_pregunta_redactar', 0, '', NULL, 'N;'),
('action_pregunta_update', 0, '', NULL, 'N;'),
('action_pregunta_view', 0, '', NULL, 'N;'),
('action_recurso_admin', 0, '', NULL, 'N;'),
('action_recurso_create', 0, '', NULL, 'N;'),
('action_recurso_delete', 0, '', NULL, 'N;'),
('action_recurso_index', 0, '', NULL, 'N;'),
('action_recurso_update', 0, '', NULL, 'N;'),
('action_recurso_view', 0, '', NULL, 'N;'),
('action_respuesta_admin', 0, '', NULL, 'N;'),
('action_respuesta_create', 0, '', NULL, 'N;'),
('action_respuesta_delete', 0, '', NULL, 'N;'),
('action_respuesta_index', 0, '', NULL, 'N;'),
('action_respuesta_redactar', 0, '', NULL, 'N;'),
('action_respuesta_update', 0, '', NULL, 'N;'),
('action_respuesta_view', 0, '', NULL, 'N;'),
('action_respuestaestudiante_admin', 0, '', NULL, 'N;'),
('action_respuestaestudiante_create', 0, '', NULL, 'N;'),
('action_respuestaestudiante_delete', 0, '', NULL, 'N;'),
('action_respuestaestudiante_examen', 0, '', NULL, 'N;'),
('action_respuestaestudiante_index', 0, '', NULL, 'N;'),
('action_respuestaestudiante_update', 0, '', NULL, 'N;'),
('action_respuestaestudiante_view', 0, '', NULL, 'N;'),
('action_site_contact', 0, '', NULL, 'N;'),
('action_site_error', 0, '', NULL, 'N;'),
('action_site_index', 0, '', NULL, 'N;'),
('action_site_login', 0, '', NULL, 'N;'),
('action_site_logout', 0, '', NULL, 'N;'),
('action_tema_admin', 0, '', NULL, 'N;'),
('action_tema_clases', 0, '', NULL, 'N;'),
('action_tema_create', 0, '', NULL, 'N;'),
('action_tema_delete', 0, '', NULL, 'N;'),
('action_tema_index', 0, '', NULL, 'N;'),
('action_tema_temas', 0, '', NULL, 'N;'),
('action_tema_update', 0, '', NULL, 'N;'),
('action_tema_view', 0, '', NULL, 'N;'),
('action_tipoevaluacion_admin', 0, '', NULL, 'N;'),
('action_tipoevaluacion_create', 0, '', NULL, 'N;'),
('action_tipoevaluacion_delete', 0, '', NULL, 'N;'),
('action_tipoevaluacion_index', 0, '', NULL, 'N;'),
('action_tipoevaluacion_update', 0, '', NULL, 'N;'),
('action_tipoevaluacion_view', 0, '', NULL, 'N;'),
('action_tipopregunta_admin', 0, '', NULL, 'N;'),
('action_tipopregunta_create', 0, '', NULL, 'N;'),
('action_tipopregunta_delete', 0, '', NULL, 'N;'),
('action_tipopregunta_index', 0, '', NULL, 'N;'),
('action_tipopregunta_update', 0, '', NULL, 'N;'),
('action_tipopregunta_view', 0, '', NULL, 'N;'),
('action_tiporespuesta_admin', 0, '', NULL, 'N;'),
('action_tiporespuesta_create', 0, '', NULL, 'N;'),
('action_tiporespuesta_delete', 0, '', NULL, 'N;'),
('action_tiporespuesta_index', 0, '', NULL, 'N;'),
('action_tiporespuesta_update', 0, '', NULL, 'N;'),
('action_tiporespuesta_view', 0, '', NULL, 'N;'),
('action_ui_ajaxrbacitemdescr', 0, '', NULL, 'N;'),
('action_ui_editprofile', 0, '', NULL, 'N;'),
('action_ui_fieldsadmincreate', 0, '', NULL, 'N;'),
('action_ui_fieldsadmindelete', 0, '', NULL, 'N;'),
('action_ui_fieldsadminlist', 0, '', NULL, 'N;'),
('action_ui_rbacajaxassignment', 0, '', NULL, 'N;'),
('action_ui_rbacajaxsetchilditem', 0, '', NULL, 'N;'),
('action_ui_rbacauthitemchilditems', 0, '', NULL, 'N;'),
('action_ui_rbacauthitemcreate', 0, '', NULL, 'N;'),
('action_ui_rbacauthitemdelete', 0, '', NULL, 'N;'),
('action_ui_rbacauthitemupdate', 0, '', NULL, 'N;'),
('action_ui_rbaclistops', 0, '', NULL, 'N;'),
('action_ui_rbaclistroles', 0, '', NULL, 'N;'),
('action_ui_rbaclisttasks', 0, '', NULL, 'N;'),
('action_ui_rbacusersassignments', 0, '', NULL, 'N;'),
('action_ui_sessionadmin', 0, '', NULL, 'N;'),
('action_ui_systemupdate', 0, '', NULL, 'N;'),
('action_ui_usermanagementadmin', 0, '', NULL, 'N;'),
('action_ui_usermanagementcreate', 0, '', NULL, 'N;'),
('action_ui_usermanagementdelete', 0, '', NULL, 'N;'),
('action_ui_usermanagementupdate', 0, '', NULL, 'N;'),
('action_user_admin', 0, '', NULL, 'N;'),
('action_user_create', 0, '', NULL, 'N;'),
('action_user_delete', 0, '', NULL, 'N;'),
('action_user_index', 0, '', NULL, 'N;'),
('action_user_update', 0, '', NULL, 'N;'),
('action_user_view', 0, '', NULL, 'N;'),
('admin', 0, '', NULL, 'N;'),
('Administrador', 2, 'Administrador del Sistema de Videoconferencias ARGOS', '', 'N;'),
('controller_clase', 0, '', NULL, 'N;'),
('controller_clasepregunta', 0, '', NULL, 'N;'),
('controller_curso', 0, '', NULL, 'N;'),
('controller_cursoestudiantes', 0, '', NULL, 'N;'),
('controller_estudianteevaluacion', 0, '', NULL, 'N;'),
('controller_evaluacion', 0, '', NULL, 'N;'),
('controller_hola', 0, '', NULL, 'N;'),
('controller_mensaje', 0, '', NULL, 'N;'),
('controller_pregunta', 0, '', NULL, 'N;'),
('controller_recurso', 0, '', NULL, 'N;'),
('controller_respuesta', 0, '', NULL, 'N;'),
('controller_respuestaestudiante', 0, '', NULL, 'N;'),
('controller_site', 0, '', NULL, 'N;'),
('controller_tema', 0, '', NULL, 'N;'),
('controller_tipoevaluacion', 0, '', NULL, 'N;'),
('controller_tipopregunta', 0, '', NULL, 'N;'),
('controller_tiporespuesta', 0, '', NULL, 'N;'),
('controller_user', 0, '', NULL, 'N;'),
('Dcente', 0, '', NULL, 'N;'),
('Docente', 2, 'Docente perteneciente al Sistema de Videoconferencias ARGOS', '', 'N;'),
('edit-advanced-profile-features', 0, 'C:\\xampp\\htdocs\\Prueba1\\protected\\modules\\cruge\\views\\ui\\usermanagementupdate.php linea 114', NULL, 'N;'),
('Estudiante', 2, 'Rol de estudiantes que pertenecen al Sistema de Videoconferencias ARGOS', '', 'N;'),
('Invitado', 2, 'Rol de personas que no pertencen al sistema', '', 'N;'),
('menu_docente', 1, ':Menu Docente', '', 'N;'),
('menu_estudiante', 1, ':Menu Estudiante', NULL, 'N;\r\nN;'),
('mis_cursos', 1, ':0 Mis Cursos{menu_docente}{action_curso_indexdocente}', '', 'N;'),
('mis_evaluaciones_docente', 1, ':1 Mis Evaluaciones{menu_docente}{action_evaluacion_index}', '', 'N;'),
('mis_evaluaciones_estudiante', 1, ':0 Mis Evaluaciones{menu_estudiante}{action_estudianteevaluacion_index}', '', 'N;'),
('student', 0, '', NULL, 'N;');

--
-- Volcado de datos para la tabla `cruge_authitemchild`
--

INSERT INTO `cruge_authitemchild` (`parent`, `child`) VALUES
('Docente', 'action_clase_clases'),
('Docente', 'action_clase_create'),
('Docente', 'action_clase_index'),
('Docente', 'action_clase_view'),
('mis_cursos', 'action_curso_admin'),
('Docente', 'action_curso_create'),
('mis_cursos', 'action_curso_create'),
('Docente', 'action_curso_index'),
('Docente', 'action_curso_indexdocente'),
('mis_cursos', 'action_curso_indexdocente'),
('Docente', 'action_curso_temas'),
('Docente', 'action_curso_view'),
('mis_cursos', 'action_curso_view'),
('Estudiante', 'action_cursoestudiantes_create'),
('Estudiante', 'action_cursoestudiantes_index'),
('Estudiante', 'action_cursoestudiantes_view'),
('Estudiante', 'action_estudianteevaluacion_create'),
('menu_estudiante', 'action_estudianteevaluacion_create'),
('Estudiante', 'action_estudianteevaluacion_index'),
('menu_estudiante', 'action_estudianteevaluacion_index'),
('Estudiante', 'action_estudianteevaluacion_loadcursos'),
('menu_estudiante', 'action_estudianteevaluacion_loadcursos'),
('Estudiante', 'action_estudianteevaluacion_view'),
('menu_estudiante', 'action_estudianteevaluacion_view'),
('Docente', 'action_evaluacion_admin'),
('Docente', 'action_evaluacion_create'),
('Docente', 'action_evaluacion_delete'),
('Docente', 'action_evaluacion_index'),
('Docente', 'action_evaluacion_loadcursos'),
('Docente', 'action_evaluacion_notas'),
('Docente', 'action_evaluacion_update'),
('Docente', 'action_evaluacion_view'),
('Docente', 'action_pregunta_create'),
('Docente', 'action_pregunta_redactar'),
('Docente', 'action_pregunta_view'),
('Docente', 'action_respuesta_admin'),
('Docente', 'action_respuesta_create'),
('Docente', 'action_respuesta_delete'),
('Docente', 'action_respuesta_index'),
('Docente', 'action_respuesta_redactar'),
('Docente', 'action_respuesta_update'),
('Docente', 'action_respuesta_view'),
('Estudiante', 'action_respuestaestudiante_create'),
('Administrador', 'action_site_contact'),
('Estudiante', 'action_site_contact'),
('Invitado', 'action_site_contact'),
('Administrador', 'action_site_error'),
('Estudiante', 'action_site_error'),
('Invitado', 'action_site_error'),
('Administrador', 'action_site_index'),
('Estudiante', 'action_site_index'),
('Invitado', 'action_site_index'),
('Administrador', 'action_site_login'),
('Estudiante', 'action_site_login'),
('Invitado', 'action_site_login'),
('Administrador', 'action_site_logout'),
('Estudiante', 'action_site_logout'),
('Administrador', 'action_ui_rbacusersassignments'),
('Administrador', 'action_ui_usermanagementadmin'),
('Administrador', 'action_ui_usermanagementcreate'),
('Administrador', 'action_ui_usermanagementdelete'),
('Administrador', 'action_ui_usermanagementupdate'),
('Estudiante', 'controller_site'),
('Invitado', 'controller_site'),
('Administrador', 'edit-advanced-profile-features'),
('Docente', 'menu_docente'),
('Estudiante', 'menu_estudiante'),
('menu_docente', 'mis_cursos'),
('menu_docente', 'mis_evaluaciones_docente'),
('menu_estudiante', 'mis_evaluaciones_estudiante');

--
-- Volcado de datos para la tabla `cruge_session`
--

INSERT INTO `cruge_session` (`idsession`, `iduser`, `created`, `expire`, `status`, `ipaddress`, `usagecount`, `lastusage`, `logoutdate`, `ipaddressout`) VALUES
(1, 1, 1367899303, 1367901103, 0, '127.0.0.1', 1, 1367899303, 1367899614, '::1'),
(2, 1, 1368216945, 1368218745, 1, '127.0.0.1', 1, 1368216945, NULL, NULL),
(3, 1, 1368734965, 1368736765, 1, '::1', 1, 1368734965, NULL, NULL),
(4, 1, 1370559507, 1370561307, 0, '::1', 1, 1370559507, 1370559696, '::1'),
(5, 2, 1370559707, 1370561507, 1, '::1', 5, 1370560598, NULL, NULL),
(6, 1, 1370559798, 1370561598, 0, '::1', 1, 1370559798, 1370559802, '::1'),
(7, 1, 1370559859, 1370561659, 0, '::1', 1, 1370559859, 1370559997, '::1'),
(8, 3, 1370560007, 1370561807, 0, '::1', 1, 1370560007, 1370560365, '::1'),
(9, 1, 1370560372, 1370562172, 0, '::1', 1, 1370560372, 1370560557, '::1'),
(10, 3, 1370560567, 1370562367, 0, '::1', 1, 1370560567, 1370560588, '::1'),
(11, 1, 1370560670, 1370562470, 0, '::1', 1, 1370560670, 1370561126, '::1'),
(12, 3, 1370561136, 1370562936, 0, '::1', 1, 1370561136, 1370561746, '::1'),
(13, 1, 1370561764, 1370563564, 0, '::1', 1, 1370561764, 1370561768, '::1'),
(14, 1, 1370561783, 1370563583, 0, '::1', 1, 1370561783, 1370561830, '::1'),
(15, 3, 1370561844, 1370563644, 0, '::1', 1, 1370561844, 1370561858, '::1'),
(16, 1, 1370561942, 1370563742, 0, '::1', 1, 1370561942, 1370561950, '::1'),
(17, 3, 1370561962, 1370563762, 0, '::1', 1, 1370561962, 1370562005, '::1'),
(18, 3, 1370562015, 1370563815, 0, '::1', 1, 1370562015, 1370562022, '::1'),
(19, 1, 1370562032, 1370563832, 0, '::1', 1, 1370562032, 1370563493, '::1'),
(20, 1, 1370563678, 1370565478, 0, '::1', 1, 1370563678, NULL, NULL),
(21, 1, 1370903302, 1370905102, 0, '::1', 1, 1370903302, 1370903323, '::1'),
(22, 3, 1370903349, 1370905149, 0, '::1', 1, 1370903349, 1370904579, '::1'),
(23, 1, 1370904494, 1370906294, 0, '::1', 1, 1370904494, 1370905438, '::1'),
(24, 1, 1370905447, 1370907247, 1, '::1', 1, 1370905447, NULL, NULL),
(25, 3, 1371151264, 1371153064, 0, '::1', 1, 1371151264, 1371151273, '::1'),
(26, 1, 1371151283, 1371153083, 0, '::1', 1, 1371151283, 1371151403, '::1'),
(27, 1, 1371836965, 1371838765, 0, '::1', 2, 1371838630, NULL, NULL),
(28, 1, 1371838886, 1371840686, 0, '::1', 1, 1371838886, NULL, NULL),
(29, 1, 1371840706, 1371842506, 0, '::1', 1, 1371840706, NULL, NULL),
(30, 1, 1371842589, 1371844389, 0, '::1', 1, 1371842589, NULL, NULL),
(31, 1, 1372096233, 1372098033, 0, '::1', 1, 1372096233, 1372096530, '::1'),
(32, 1, 1372096555, 1372098355, 0, '::1', 1, 1372096555, NULL, NULL),
(33, 1, 1372106493, 1372108293, 1, '::1', 1, 1372106493, NULL, NULL),
(34, 1, 1372176439, 1372178239, 0, '::1', 1, 1372176439, 1372176925, '::1'),
(35, 1, 1372181953, 1372183753, 1, '::1', 1, 1372181953, NULL, NULL),
(36, 1, 1372211131, 1372212931, 0, '::1', 2, 1372211291, NULL, NULL),
(37, 1, 1372213171, 1372214971, 0, '::1', 2, 1372213271, NULL, NULL),
(38, 1, 1372217270, 1372219070, 0, '::1', 1, 1372217270, 1372218132, '::1'),
(39, 1, 1372535770, 1372537570, 1, '::1', 1, 1372535770, NULL, NULL),
(40, 1, 1383251791, 1383253591, 0, '127.0.0.1', 1, 1383251791, 1383251805, '127.0.0.1'),
(41, 1, 1385653021, 1385654821, 0, '127.0.0.1', 1, 1385653021, 1385653480, '127.0.0.1'),
(42, 4, 1385656296, 1385658096, 0, '127.0.0.1', 1, 1385656296, NULL, NULL),
(43, 4, 1385665404, 1385667204, 0, '127.0.0.1', 1, 1385665404, NULL, NULL),
(44, 4, 1385671079, 1385672879, 0, '127.0.0.1', 1, 1385671079, NULL, NULL),
(45, 4, 1385924668, 1385926468, 0, '127.0.0.1', 1, 1385924668, NULL, NULL),
(46, 4, 1385926580, 1385928380, 0, '127.0.0.1', 1, 1385926580, 1385926632, '127.0.0.1'),
(47, 1, 1385926640, 1385928440, 1, '127.0.0.1', 1, 1385926640, NULL, NULL),
(48, 4, 1385997335, 1385999135, 0, '127.0.0.1', 1, 1385997335, 1385997519, '127.0.0.1'),
(49, 1, 1385997535, 1385999335, 0, '127.0.0.1', 1, 1385997535, NULL, NULL),
(50, 1, 1385999506, 1386001306, 0, '127.0.0.1', 1, 1385999506, 1385999590, '127.0.0.1'),
(51, 5, 1385999607, 1386001407, 0, '127.0.0.1', 1, 1385999607, 1385999620, '127.0.0.1'),
(52, 1, 1385999628, 1386001428, 0, '127.0.0.1', 1, 1385999628, 1385999727, '127.0.0.1'),
(53, 5, 1385999742, 1386001542, 0, '127.0.0.1', 1, 1385999742, NULL, NULL),
(54, 1, 1386014154, 1386015954, 0, '127.0.0.1', 1, 1386014154, NULL, NULL),
(55, 4, 1386855429, 1386857229, 0, '127.0.0.1', 1, 1386855429, NULL, NULL),
(56, 1, 1387212501, 1387214301, 0, '127.0.0.1', 1, 1387212501, 1387213414, '127.0.0.1'),
(57, 4, 1387213426, 1387215226, 0, '127.0.0.1', 1, 1387213426, NULL, NULL),
(58, 4, 1387216880, 1387218680, 0, '127.0.0.1', 1, 1387216880, NULL, NULL),
(59, 4, 1387220238, 1387222038, 0, '127.0.0.1', 1, 1387220238, 1387220356, '127.0.0.1'),
(60, 1, 1387220366, 1387222166, 0, '127.0.0.1', 1, 1387220366, 1387222012, '127.0.0.1'),
(61, 4, 1387222032, 1387223832, 0, '127.0.0.1', 1, 1387222032, 1387222051, '127.0.0.1'),
(62, 1, 1387222061, 1387223861, 0, '127.0.0.1', 1, 1387222061, 1387222089, '127.0.0.1'),
(63, 4, 1387222102, 1387223902, 0, '127.0.0.1', 1, 1387222102, 1387223650, '127.0.0.1'),
(64, 1, 1387223661, 1387225461, 0, '127.0.0.1', 1, 1387223661, 1387223848, '127.0.0.1'),
(65, 4, 1387226191, 1387227991, 0, '127.0.0.1', 1, 1387226191, 1387226849, '127.0.0.1'),
(66, 1, 1387226869, 1387228669, 0, '127.0.0.1', 1, 1387226869, 1387226929, '127.0.0.1'),
(67, 4, 1387226942, 1387228742, 1, '127.0.0.1', 1, 1387226942, NULL, NULL),
(68, 4, 1388351843, 1388353643, 0, '127.0.0.1', 1, 1388351843, NULL, NULL),
(69, 4, 1388353935, 1388355735, 1, '127.0.0.1', 1, 1388353935, NULL, NULL),
(70, 1, 1391823372, 1391825172, 0, '127.0.0.1', 1, 1391823372, 1391823433, '127.0.0.1'),
(71, 3, 1391823565, 1391825365, 1, '127.0.0.1', 1, 1391823565, NULL, NULL),
(72, 4, 1395357803, 1395359603, 0, '127.0.0.1', 1, 1395357803, 1395357861, '127.0.0.1'),
(73, 3, 1395357927, 1395359727, 0, '127.0.0.1', 1, 1395357927, NULL, NULL),
(74, 4, 1395437669, 1395439469, 0, '127.0.0.1', 1, 1395437669, NULL, NULL),
(75, 4, 1395439678, 1395441478, 0, '127.0.0.1', 1, 1395439678, NULL, NULL),
(76, 4, 1395441554, 1395443354, 0, '127.0.0.1', 1, 1395441554, NULL, NULL),
(77, 4, 1395697658, 1395699458, 0, '127.0.0.1', 1, 1395697658, NULL, NULL),
(78, 4, 1395699525, 1395701325, 0, '127.0.0.1', 1, 1395699525, NULL, NULL),
(79, 4, 1395701470, 1395703270, 0, '127.0.0.1', 1, 1395701470, NULL, NULL),
(80, 4, 1395703288, 1395705088, 0, '127.0.0.1', 3, 1395704245, NULL, NULL),
(81, 4, 1396579748, 1396581548, 0, '127.0.0.1', 1, 1396579748, NULL, NULL),
(82, 4, 1396821600, 1396823400, 0, '127.0.0.1', 1, 1396821600, NULL, NULL),
(83, 4, 1396824294, 1396826094, 0, '127.0.0.1', 1, 1396824294, NULL, NULL),
(84, 4, 1396826216, 1396828016, 0, '127.0.0.1', 1, 1396826216, NULL, NULL),
(85, 4, 1396828258, 1396830058, 0, '127.0.0.1', 1, 1396828258, NULL, NULL),
(86, 4, 1396830617, 1396832417, 0, '127.0.0.1', 1, 1396830617, NULL, NULL),
(87, 4, 1396899809, 1396901609, 1, '127.0.0.1', 1, 1396899809, NULL, NULL),
(88, 4, 1396996336, 1396998136, 0, '127.0.0.1', 1, 1396996336, NULL, NULL),
(89, 1, 1399074997, 1399076797, 0, '127.0.0.1', 1, 1399074997, 1399075202, '127.0.0.1'),
(90, 4, 1399075217, 1399078817, 0, '127.0.0.1', 1, 1399075217, 1399075316, '127.0.0.1'),
(91, 3, 1399075327, 1399078927, 0, '127.0.0.1', 1, 1399075327, 1399075329, '127.0.0.1'),
(92, 1, 1399075338, 1399078938, 0, '127.0.0.1', 1, 1399075338, 1399076007, '127.0.0.1'),
(93, 4, 1399076023, 1399079623, 0, '127.0.0.1', 1, 1399076023, 1399076044, '127.0.0.1'),
(94, 1, 1399076052, 1399079652, 0, '127.0.0.1', 1, 1399076052, 1399076173, '127.0.0.1'),
(95, 3, 1399076189, 1399079789, 0, '127.0.0.1', 1, 1399076189, 1399076192, '127.0.0.1'),
(96, 4, 1399076238, 1399079838, 0, '127.0.0.1', 1, 1399076238, 1399076240, '127.0.0.1'),
(97, 1, 1399076248, 1399079848, 0, '127.0.0.1', 1, 1399076248, 1399076881, '127.0.0.1'),
(98, 4, 1399076892, 1399080492, 0, '127.0.0.1', 1, 1399076892, 1399077314, '127.0.0.1'),
(99, 1, 1399077321, 1399080921, 0, '127.0.0.1', 1, 1399077321, 1399078307, '127.0.0.1'),
(100, 4, 1399078318, 1399081918, 0, '127.0.0.1', 1, 1399078318, 1399080583, '127.0.0.1'),
(101, 1, 1399080591, 1399084191, 0, '127.0.0.1', 1, 1399080591, 1399080669, '127.0.0.1'),
(102, 4, 1399080679, 1399084279, 0, '127.0.0.1', 1, 1399080679, NULL, NULL),
(103, 1, 1399084942, 1399088542, 0, '127.0.0.1', 1, 1399084942, 1399084996, '127.0.0.1'),
(104, 4, 1399085008, 1399088608, 1, '127.0.0.1', 1, 1399085008, NULL, NULL),
(105, 6, 1399150754, 1399154354, 0, '127.0.0.1', 1, 1399150754, 1399150815, '127.0.0.1'),
(106, 1, 1399150823, 1399154423, 0, '127.0.0.1', 1, 1399150823, 1399150898, '127.0.0.1'),
(107, 4, 1399150908, 1399154508, 0, '127.0.0.1', 1, 1399150908, 1399150946, '127.0.0.1'),
(108, 1, 1399150955, 1399154555, 0, '127.0.0.1', 1, 1399150955, 1399150968, '127.0.0.1'),
(109, 4, 1399150978, 1399154578, 0, '127.0.0.1', 1, 1399150978, 1399151040, '127.0.0.1'),
(110, 1, 1399151150, 1399154750, 0, '127.0.0.1', 1, 1399151150, 1399151221, '127.0.0.1'),
(111, 4, 1399151231, 1399154831, 0, '127.0.0.1', 1, 1399151231, 1399151407, '127.0.0.1'),
(112, 6, 1399151417, 1399155017, 0, '127.0.0.1', 1, 1399151417, 1399151606, '127.0.0.1'),
(113, 1, 1399151615, 1399155215, 0, '127.0.0.1', 1, 1399151615, 1399151632, '127.0.0.1'),
(114, 4, 1399151641, 1399155241, 0, '127.0.0.1', 1, 1399151641, 1399151648, '127.0.0.1'),
(115, 1, 1399151655, 1399155255, 0, '127.0.0.1', 1, 1399151655, 1399151717, '127.0.0.1'),
(116, 4, 1399151731, 1399155331, 0, '127.0.0.1', 1, 1399151731, 1399152604, '127.0.0.1'),
(117, 1, 1399152612, 1399156212, 0, '127.0.0.1', 1, 1399152612, 1399152628, '127.0.0.1'),
(118, 4, 1399152638, 1399156238, 0, '127.0.0.1', 1, 1399152638, 1399152924, '127.0.0.1'),
(119, 1, 1399152932, 1399156532, 0, '127.0.0.1', 1, 1399152932, 1399153089, '127.0.0.1'),
(120, 4, 1399153100, 1399156700, 0, '127.0.0.1', 1, 1399153100, 1399153177, '127.0.0.1'),
(121, 1, 1399153184, 1399156784, 0, '127.0.0.1', 1, 1399153184, 1399153927, '127.0.0.1'),
(122, 4, 1399153938, 1399157538, 0, '127.0.0.1', 1, 1399153938, 1399153962, '127.0.0.1'),
(123, 1, 1399153970, 1399157570, 0, '127.0.0.1', 1, 1399153970, 1399154008, '127.0.0.1'),
(124, 4, 1399154018, 1399157618, 0, '127.0.0.1', 1, 1399154018, 1399154024, '127.0.0.1'),
(125, 6, 1399154033, 1399157633, 0, '127.0.0.1', 1, 1399154033, 1399154528, '127.0.0.1'),
(126, 1, 1399154534, 1399158134, 0, '127.0.0.1', 1, 1399154534, 1399154580, '127.0.0.1'),
(127, 4, 1399154591, 1399158191, 0, '127.0.0.1', 1, 1399154591, 1399154725, '127.0.0.1'),
(128, 1, 1399154734, 1399158334, 0, '127.0.0.1', 1, 1399154734, 1399154815, '127.0.0.1'),
(129, 4, 1399154828, 1399158428, 0, '127.0.0.1', 1, 1399154828, 1399154952, '127.0.0.1'),
(130, 6, 1399154962, 1399158562, 0, '127.0.0.1', 1, 1399154962, 1399155668, '127.0.0.1'),
(131, 4, 1399155678, 1399159278, 0, '127.0.0.1', 1, 1399155678, NULL, NULL),
(132, 1, 1399159468, 1399163068, 0, '127.0.0.1', 1, 1399159468, 1399159492, '127.0.0.1'),
(133, 4, 1399159502, 1399163102, 0, '127.0.0.1', 1, 1399159502, 1399162805, '127.0.0.1'),
(134, 1, 1399162812, 1399166412, 0, '127.0.0.1', 1, 1399162812, 1399162827, '127.0.0.1'),
(135, 4, 1399162836, 1399166436, 0, '127.0.0.1', 1, 1399162836, NULL, NULL),
(136, 4, 1399178798, 1399182398, 0, '127.0.0.1', 1, 1399178798, NULL, NULL),
(137, 4, 1399185315, 1399188915, 1, '127.0.0.1', 1, 1399185315, NULL, NULL),
(138, 4, 1399237147, 1399240747, 0, '127.0.0.1', 1, 1399237147, 1399237973, '127.0.0.1'),
(139, 1, 1399237984, 1399241584, 0, '127.0.0.1', 1, 1399237984, 1399238002, '127.0.0.1'),
(140, 6, 1399238016, 1399243416, 0, '127.0.0.1', 1, 1399238016, 1399238032, '127.0.0.1'),
(141, 6, 1399238044, 1399243444, 1, '127.0.0.1', 1, 1399238044, NULL, NULL),
(142, 4, 1399417680, 1399423080, 0, '127.0.0.1', 1, 1399417680, 1399417712, '127.0.0.1'),
(143, 3, 1399417720, 1399423120, 0, '127.0.0.1', 1, 1399417720, 1399417813, '127.0.0.1'),
(144, 4, 1399417822, 1399423222, 0, '127.0.0.1', 2, 1399417846, NULL, NULL),
(145, 4, 1399425755, 1399431155, 0, '127.0.0.1', 1, 1399425755, NULL, NULL),
(146, 4, 1399500040, 1399505440, 0, '127.0.0.1', 1, 1399500040, NULL, NULL),
(147, 4, 1399505502, 1399510902, 0, '127.0.0.1', 1, 1399505502, NULL, NULL),
(148, 4, 1399514099, 1399519499, 0, '127.0.0.1', 1, 1399514099, NULL, NULL),
(149, 4, 1399571057, 1399576457, 0, '127.0.0.1', 1, 1399571057, NULL, NULL),
(150, 4, 1399582930, 1399588330, 0, '127.0.0.1', 1, 1399582930, NULL, NULL),
(151, 4, 1399589490, 1399594890, 0, '127.0.0.1', 1, 1399589490, NULL, NULL),
(152, 4, 1399599460, 1399604860, 0, '127.0.0.1', 1, 1399599460, NULL, NULL),
(153, 4, 1399848450, 1399853850, 0, '127.0.0.1', 1, 1399848450, NULL, NULL),
(154, 4, 1399932171, 1399937571, 0, '127.0.0.1', 1, 1399932171, NULL, NULL),
(155, 4, 1400015982, 1400021382, 0, '127.0.0.1', 1, 1400015982, NULL, NULL),
(156, 4, 1400510800, 1400516200, 0, '127.0.0.1', 1, 1400510800, NULL, NULL),
(157, 4, 1400705342, 1400710742, 0, '127.0.0.1', 1, 1400705342, NULL, NULL),
(158, 4, 1400773157, 1400778557, 0, '127.0.0.1', 1, 1400773157, NULL, NULL),
(159, 4, 1400783274, 1400788674, 0, '127.0.0.1', 1, 1400783274, NULL, NULL),
(160, 4, 1400790471, 1400795871, 0, '127.0.0.1', 1, 1400790471, NULL, NULL),
(161, 4, 1400796745, 1400802145, 0, '127.0.0.1', 1, 1400796745, NULL, NULL),
(162, 4, 1400802292, 1400807692, 0, '127.0.0.1', 1, 1400802292, NULL, NULL),
(163, 4, 1400809068, 1400814468, 0, '127.0.0.1', 1, 1400809068, NULL, NULL),
(164, 4, 1400816305, 1400821705, 0, '127.0.0.1', 1, 1400816305, NULL, NULL),
(165, 4, 1401286717, 1401292117, 0, '127.0.0.1', 1, 1401286717, 1401287608, '127.0.0.1'),
(166, 3, 1401287618, 1401293018, 0, '127.0.0.1', 1, 1401287618, 1401287648, '127.0.0.1'),
(167, 4, 1401287669, 1401293069, 0, '127.0.0.1', 1, 1401287669, 1401288698, '127.0.0.1'),
(168, 3, 1401288709, 1401294109, 0, '127.0.0.1', 1, 1401288709, 1401288723, '127.0.0.1'),
(169, 1, 1401288730, 1401294130, 0, '127.0.0.1', 1, 1401288730, 1401288851, '127.0.0.1'),
(170, 3, 1401288859, 1401294259, 0, '127.0.0.1', 2, 1401289048, 1401289146, '127.0.0.1'),
(171, 4, 1401289161, 1401294561, 0, '127.0.0.1', 1, 1401289161, 1401289175, '127.0.0.1'),
(172, 1, 1401289191, 1401294591, 0, '127.0.0.1', 1, 1401289191, 1401289235, '127.0.0.1'),
(173, 3, 1401289247, 1401294647, 0, '127.0.0.1', 1, 1401289247, 1401291202, '127.0.0.1'),
(174, 4, 1401291211, 1401296611, 0, '127.0.0.1', 1, 1401291211, 1401291761, '127.0.0.1'),
(175, 3, 1401291769, 1401297169, 0, '127.0.0.1', 1, 1401291769, 1401292122, '127.0.0.1'),
(176, 1, 1401292143, 1401297543, 0, '127.0.0.1', 1, 1401292143, NULL, NULL),
(177, 4, 1401318215, 1401323615, 0, '127.0.0.1', 1, 1401318215, NULL, NULL),
(178, 4, 1401832259, 1401837659, 0, '127.0.0.1', 1, 1401832259, NULL, NULL),
(179, 4, 1401919798, 1401925198, 0, '127.0.0.1', 1, 1401919798, NULL, NULL),
(180, 4, 1401978912, 1401984312, 0, '127.0.0.1', 1, 1401978912, NULL, NULL),
(181, 3, 1402005631, 1402011031, 0, '127.0.0.1', 1, 1402005631, NULL, NULL),
(182, 3, 1404256450, 1404261850, 0, '127.0.0.1', 1, 1404256450, NULL, NULL),
(183, 3, 1404335378, 1404340778, 0, '127.0.0.1', 1, 1404335378, NULL, NULL),
(184, 3, 1404343474, 1404348874, 0, '127.0.0.1', 1, 1404343474, NULL, NULL),
(185, 3, 1404418578, 1404423978, 0, '127.0.0.1', 1, 1404418578, NULL, NULL),
(186, 3, 1404922445, 1404927845, 0, '127.0.0.1', 1, 1404922445, 1404923640, '127.0.0.1'),
(187, 1, 1404923830, 1404929230, 0, '127.0.0.1', 1, 1404923830, NULL, NULL),
(188, 3, 1404935416, 1404940816, 0, '127.0.0.1', 1, 1404935416, 1404935560, '127.0.0.1'),
(189, 1, 1404935567, 1404940967, 0, '127.0.0.1', 1, 1404935567, 1404938403, '127.0.0.1'),
(190, 3, 1404945976, 1404951376, 0, '127.0.0.1', 1, 1404945976, NULL, NULL),
(191, 3, 1404951403, 1404956803, 0, '127.0.0.1', 1, 1404951403, NULL, NULL),
(192, 3, 1404966036, 1404971436, 0, '127.0.0.1', 1, 1404966036, NULL, NULL),
(193, 3, 1405003449, 1405008849, 0, '127.0.0.1', 1, 1405003449, NULL, NULL),
(194, 4, 1405180387, 1405185787, 0, '127.0.0.1', 1, 1405180387, 1405181444, '127.0.0.1'),
(195, 3, 1405181454, 1405186854, 0, '127.0.0.1', 1, 1405181454, NULL, NULL),
(196, 3, 1405350933, 1405356333, 0, '127.0.0.1', 1, 1405350933, NULL, NULL),
(197, 3, 1405434782, 1405440182, 0, '127.0.0.1', 1, 1405434782, NULL, NULL),
(198, 3, 1405440449, 1405445849, 0, '127.0.0.1', 1, 1405440449, NULL, NULL),
(199, 3, 1405470081, 1405475481, 0, '127.0.0.1', 1, 1405470081, NULL, NULL),
(200, 3, 1405475583, 1405480983, 0, '127.0.0.1', 1, 1405475583, NULL, NULL),
(201, 3, 1405522630, 1405528030, 0, '127.0.0.1', 1, 1405522630, 1405522694, '127.0.0.1'),
(202, 4, 1405522710, 1405528110, 0, '127.0.0.1', 1, 1405522710, 1405523704, '127.0.0.1'),
(203, 3, 1405523716, 1405529116, 0, '127.0.0.1', 1, 1405523716, NULL, NULL),
(204, 3, 1405554458, 1405559858, 0, '127.0.0.1', 1, 1405554458, NULL, NULL),
(205, 3, 1405634494, 1405639894, 0, '127.0.0.1', 1, 1405634494, NULL, NULL),
(206, 3, 1405954899, 1405960299, 0, '127.0.0.1', 1, 1405954899, 1405958102, '127.0.0.1'),
(207, 4, 1405958119, 1405963519, 0, '127.0.0.1', 1, 1405958119, 1405958265, '127.0.0.1'),
(208, 3, 1405958277, 1405963677, 0, '127.0.0.1', 1, 1405958277, 1405961210, '127.0.0.1'),
(209, 4, 1405961221, 1405966621, 0, '127.0.0.1', 1, 1405961221, 1405961316, '127.0.0.1'),
(210, 3, 1405961328, 1405966728, 0, '127.0.0.1', 1, 1405961328, NULL, NULL),
(211, 3, 1405976776, 1405982176, 0, '127.0.0.1', 1, 1405976776, NULL, NULL),
(212, 3, 1405984530, 1405989930, 0, '127.0.0.1', 1, 1405984530, NULL, NULL),
(213, 3, 1405992295, 1405997695, 0, '127.0.0.1', 1, 1405992295, NULL, NULL),
(214, 3, 1406042369, 1406047769, 1, '127.0.0.1', 1, 1406042369, NULL, NULL),
(215, 3, 1406126786, 1406132186, 0, '127.0.0.1', 1, 1406126786, NULL, NULL),
(216, 3, 1406132859, 1406138259, 0, '127.0.0.1', 1, 1406132859, NULL, NULL),
(217, 3, 1406153815, 1406159215, 0, '127.0.0.1', 1, 1406153815, NULL, NULL),
(218, 3, 1406228800, 1406234200, 0, '127.0.0.1', 1, 1406228800, NULL, NULL),
(219, 3, 1406236042, 1406241442, 0, '127.0.0.1', 1, 1406236042, NULL, NULL),
(220, 3, 1406242101, 1406247501, 0, '127.0.0.1', 1, 1406242101, NULL, NULL),
(221, 3, 1406256241, 1406261641, 0, '127.0.0.1', 1, 1406256241, NULL, NULL),
(222, 3, 1406261992, 1406267392, 0, '127.0.0.1', 1, 1406261992, NULL, NULL),
(223, 3, 1406299571, 1406304971, 0, '127.0.0.1', 1, 1406299571, NULL, NULL),
(224, 3, 1406498022, 1406503422, 0, '127.0.0.1', 1, 1406498022, NULL, NULL),
(225, 3, 1406562593, 1406567993, 0, '127.0.0.1', 1, 1406562593, NULL, NULL),
(226, 3, 1406648697, 1406654097, 0, '127.0.0.1', 1, 1406648697, NULL, NULL),
(227, 3, 1406669088, 1406674488, 0, '127.0.0.1', 1, 1406669088, NULL, NULL),
(228, 3, 1406684333, 1406689733, 0, '127.0.0.1', 1, 1406684333, NULL, NULL),
(229, 3, 1406689846, 1406695246, 0, '127.0.0.1', 1, 1406689846, NULL, NULL),
(230, 3, 1406751411, 1406756811, 0, '127.0.0.1', 1, 1406751411, NULL, NULL),
(231, 3, 1406769163, 1406774563, 0, '127.0.0.1', 1, 1406769163, NULL, NULL),
(232, 3, 1406823908, 1406829308, 0, '127.0.0.1', 1, 1406823908, NULL, NULL),
(233, 3, 1406906514, 1406911914, 0, '127.0.0.1', 1, 1406906514, NULL, NULL),
(234, 3, 1407030950, 1407036350, 0, '127.0.0.1', 1, 1407030950, NULL, NULL),
(235, 3, 1407262341, 1407267741, 0, '127.0.0.1', 1, 1407262341, NULL, NULL),
(236, 3, 1407343553, 1407348953, 0, '127.0.0.1', 1, 1407343553, NULL, NULL),
(237, 4, 1407361182, 1407366582, 0, '127.0.0.1', 1, 1407361182, 1407365209, '127.0.0.1'),
(238, 4, 1407365220, 1407370620, 0, '127.0.0.1', 1, 1407365220, 1407365259, '127.0.0.1'),
(239, 3, 1407365268, 1407370668, 0, '127.0.0.1', 1, 1407365268, NULL, NULL),
(240, 4, 1407365424, 1407370824, 1, '192.168.1.114', 1, 1407365424, NULL, NULL),
(241, 4, 1407376625, 1407382025, 0, '127.0.0.1', 1, 1407376625, NULL, NULL),
(242, 4, 1407382263, 1407387663, 1, '127.0.0.1', 1, 1407382263, NULL, NULL),
(243, 4, 1407465490, 1407470890, 0, '127.0.0.1', 1, 1407465490, NULL, NULL),
(244, 3, 1407548970, 1407554370, 0, '127.0.0.1', 1, 1407548970, 1407548978, '127.0.0.1'),
(245, 4, 1407548991, 1407554391, 0, '127.0.0.1', 1, 1407548991, 1407549133, '127.0.0.1'),
(246, 3, 1407549143, 1407554543, 0, '127.0.0.1', 1, 1407549143, 1407550906, '127.0.0.1'),
(247, 4, 1407550916, 1407556316, 0, '127.0.0.1', 1, 1407550916, 1407552219, '127.0.0.1'),
(248, 1, 1407552228, 1407557628, 0, '127.0.0.1', 1, 1407552228, 1407552414, '127.0.0.1'),
(249, 4, 1407552428, 1407557828, 0, '127.0.0.1', 1, 1407552428, NULL, NULL),
(250, 3, 1407603007, 1407608407, 0, '127.0.0.1', 1, 1407603007, 1407603068, '127.0.0.1'),
(251, 4, 1407603078, 1407608478, 0, '127.0.0.1', 1, 1407603078, NULL, NULL),
(252, 4, 1407709204, 1407714604, 0, '127.0.0.1', 1, 1407709204, NULL, NULL),
(253, 4, 1407877573, 1407882973, 0, '127.0.0.1', 1, 1407877573, NULL, NULL),
(254, 6, 1407889361, 1407894761, 0, '127.0.0.1', 1, 1407889361, NULL, NULL),
(255, 4, 1408057901, 1408063301, 0, '127.0.0.1', 1, 1408057901, NULL, NULL),
(256, 4, 1408147050, 1408152450, 0, '127.0.0.1', 1, 1408147050, 1408147068, '127.0.0.1'),
(257, 3, 1408147076, 1408152476, 0, '127.0.0.1', 1, 1408147076, NULL, NULL),
(258, 4, 1408156484, 1408161884, 1, '127.0.0.1', 1, 1408156484, NULL, NULL),
(259, 4, 1410384801, 1410390201, 0, '127.0.0.1', 1, 1410384801, NULL, NULL),
(260, 4, 1410398325, 1410403725, 0, '127.0.0.1', 1, 1410398325, NULL, NULL),
(261, 7, 1410478725, 1410484125, 0, '127.0.0.1', 1, 1410478725, NULL, NULL),
(262, 7, 1410484975, 1410490375, 0, '127.0.0.1', 1, 1410484975, 1410486675, '127.0.0.1'),
(263, 1, 1410486680, 1410492080, 0, '127.0.0.1', 1, 1410486680, 1410486946, '127.0.0.1'),
(264, 3, 1410488594, 1410493994, 0, '127.0.0.1', 1, 1410488594, NULL, NULL),
(265, 3, 1410530164, 1410535564, 0, '127.0.0.1', 1, 1410530164, NULL, NULL),
(266, 7, 1410560856, 1410566256, 0, '127.0.0.1', 1, 1410560856, NULL, NULL),
(267, 7, 1410575151, 1410580551, 0, '127.0.0.1', 1, 1410575151, NULL, NULL),
(268, 7, 1410643702, 1410649102, 0, '127.0.0.1', 1, 1410643702, NULL, NULL),
(269, 7, 1412087149, 1412092549, 0, '127.0.0.1', 1, 1412087149, NULL, NULL),
(270, 1, 1413000496, 1413005896, 0, '127.0.0.1', 1, 1413000496, 1413001072, '127.0.0.1'),
(271, 7, 1413001373, 1413006773, 0, '127.0.0.1', 1, 1413001373, 1413001398, '127.0.0.1'),
(272, 1, 1413001408, 1413006808, 0, '127.0.0.1', 1, 1413001408, 1413001444, '127.0.0.1'),
(273, 7, 1413001455, 1413006855, 0, '127.0.0.1', 1, 1413001455, 1413001508, '127.0.0.1'),
(274, 4, 1413001527, 1413006927, 0, '127.0.0.1', 1, 1413001527, 1413001647, '127.0.0.1'),
(275, 4, 1413001666, 1413007066, 0, '127.0.0.1', 1, 1413001666, 1413002062, '127.0.0.1'),
(276, 1, 1413002072, 1413007472, 0, '127.0.0.1', 1, 1413002072, 1413002515, '127.0.0.1'),
(277, 7, 1413169130, 1413174530, 0, '127.0.0.1', 1, 1413169130, NULL, NULL),
(278, 4, 1413206250, 1413211650, 0, '127.0.0.1', 1, 1413206250, 1413206452, '127.0.0.1'),
(279, 1, 1413206463, 1413211863, 0, '127.0.0.1', 1, 1413206463, 1413206509, '127.0.0.1'),
(280, 4, 1413206534, 1413211934, 0, '127.0.0.1', 1, 1413206534, 1413207027, '127.0.0.1'),
(281, 7, 1413207048, 1413212448, 0, '127.0.0.1', 1, 1413207048, 1413207392, '127.0.0.1'),
(282, 7, 1413207538, 1413212938, 0, '127.0.0.1', 1, 1413207538, NULL, NULL),
(283, 4, 1413222018, 1413227418, 0, '127.0.0.1', 1, 1413222018, NULL, NULL),
(284, 4, 1413230773, 1413236173, 0, '127.0.0.1', 1, 1413230773, 1413235762, '127.0.0.1'),
(285, 7, 1413235776, 1413241176, 0, '127.0.0.1', 1, 1413235776, 1413235779, '127.0.0.1'),
(286, 7, 1413236405, 1413241805, 0, '127.0.0.1', 1, 1413236405, NULL, NULL),
(287, 4, 1413243294, 1413248694, 0, '127.0.0.1', 1, 1413243294, NULL, NULL),
(288, 7, 1413256365, 1413261765, 0, '127.0.0.1', 1, 1413256365, 1413256495, '127.0.0.1'),
(289, 3, 1413256504, 1413261904, 0, '127.0.0.1', 1, 1413256504, 1413259931, '127.0.0.1'),
(290, 7, 1413259945, 1413265345, 0, '127.0.0.1', 1, 1413259945, 1413260718, '127.0.0.1'),
(291, 4, 1413260776, 1413266176, 0, '127.0.0.1', 1, 1413260776, 1413261269, '127.0.0.1'),
(292, 7, 1413261287, 1413266687, 0, '127.0.0.1', 1, 1413261287, NULL, NULL),
(293, 7, 1413266724, 1413272124, 0, '127.0.0.1', 1, 1413266724, NULL, NULL),
(294, 7, 1413290572, 1413295972, 0, '127.0.0.1', 1, 1413290572, 1413291113, '127.0.0.1'),
(295, 4, 1413291135, 1413296535, 1, '127.0.0.1', 1, 1413291135, NULL, NULL),
(296, 4, 1413313273, 1413318673, 0, '127.0.0.1', 1, 1413313273, NULL, NULL),
(297, 4, 1413318739, 1413324139, 0, '127.0.0.1', 1, 1413318739, NULL, NULL),
(298, 4, 1413324196, 1413329596, 0, '127.0.0.1', 1, 1413324196, NULL, NULL),
(299, 4, 1413330255, 1413335655, 0, '127.0.0.1', 1, 1413330255, NULL, NULL),
(300, 4, 1413337592, 1413342992, 0, '127.0.0.1', 1, 1413337592, NULL, NULL),
(301, 7, 1414083953, 1414089353, 0, '127.0.0.1', 1, 1414083953, 1414084124, '127.0.0.1'),
(302, 7, 1414084136, 1414089536, 0, '127.0.0.1', 1, 1414084136, 1414084165, '127.0.0.1'),
(303, 7, 1414084177, 1414089577, 0, '127.0.0.1', 1, 1414084177, 1414084407, '127.0.0.1'),
(304, 7, 1414084419, 1414089819, 0, '127.0.0.1', 1, 1414084419, 1414084466, '127.0.0.1'),
(305, 7, 1414084479, 1414089879, 0, '127.0.0.1', 1, 1414084479, NULL, NULL),
(306, 7, 1414100267, 1414105667, 0, '127.0.0.1', 1, 1414100267, 1414100357, '127.0.0.1'),
(307, 7, 1414100369, 1414105769, 0, '127.0.0.1', 1, 1414100369, 1414100390, '127.0.0.1'),
(308, 7, 1414100412, 1414105812, 0, '127.0.0.1', 1, 1414100412, 1414102371, '127.0.0.1'),
(309, 4, 1414102388, 1414107788, 1, '127.0.0.1', 1, 1414102388, NULL, NULL);

--
-- Volcado de datos para la tabla `cruge_system`
--

INSERT INTO `cruge_system` (`idsystem`, `name`, `largename`, `sessionmaxdurationmins`, `sessionmaxsameipconnections`, `sessionreusesessions`, `sessionmaxsessionsperday`, `sessionmaxsessionsperuser`, `systemnonewsessions`, `systemdown`, `registerusingcaptcha`, `registerusingterms`, `terms`, `registerusingactivation`, `defaultroleforregistration`, `registerusingtermslabel`, `registrationonlogin`) VALUES
(1, 'default', NULL, 90, 10, 1, -1, -1, 0, 0, 0, 0, '', 0, '', '', 1);

--
-- Volcado de datos para la tabla `cruge_user`
--

INSERT INTO `cruge_user` (`iduser`, `regdate`, `actdate`, `logondate`, `username`, `email`, `password`, `authkey`, `state`, `totalsessioncounter`, `currentsessioncounter`, `nombreUsuario`, `fechaNacimiento`, `dependencia`, `foto`, `fechaUltConex`, `bioUsuario`, `ipUltConex`, `numTips`, `skype_user`) VALUES
(1, NULL, NULL, 1413206463, 'admin', 'admin@tucorreo.com', 'admin', NULL, 1, 0, 0, NULL, NULL, NULL, NULL, NULL, NULL, NULL, NULL, NULL),
(2, NULL, NULL, 1370560598, 'invitado', 'invitado', NULL, NULL, 1, 0, 0, NULL, NULL, NULL, NULL, NULL, NULL, NULL, NULL, NULL),
(3, 1370904527, NULL, 1413256504, 'ricardo', 'ricardo@correo.com', 'ricardo', 'db06705fbe537cd1c6274546f6ede22d', 1, 0, 0, NULL, NULL, NULL, NULL, NULL, NULL, NULL, NULL, NULL),
(4, 1372107077, NULL, 1414102388, 'profesor1', 'prof1@uc.edu.ve', 'profesor1', 'e4367f0196ac62802b73f45a7d0971c4', 1, 0, 0, NULL, NULL, NULL, NULL, NULL, NULL, NULL, NULL, NULL),
(5, 1385999156, NULL, 1385999742, 'administrador', 'administrador@uc.edu.ve', 'administrador', 'ae978bd4cc48f66cc7f0416bdcabe655', 1, 0, 0, NULL, NULL, NULL, NULL, NULL, NULL, NULL, NULL, NULL),
(6, 1395777326, NULL, 1407889361, 'profesor2', 'prof@correouc.com.ve', 'profesor2', 'db9fb85670c4deb2a8220dbaa53dc141', 1, 0, 0, NULL, NULL, NULL, NULL, NULL, NULL, NULL, NULL, NULL),
(7, 1410478706, NULL, 1414100412, 'henry', 'henry2611@uc.edu.ve', '123456', 'c59ef0abebcfb6b1c5729e2b7680197c', 1, 0, 0, NULL, NULL, NULL, NULL, NULL, NULL, NULL, NULL, NULL);

--
-- Volcado de datos para la tabla `curso`
--

INSERT INTO `curso` (`id_curso`, `nombre_curso`, `descripcion_curso`, `username_docente`, `numero_estudiantes`) VALUES
(1, 'Algoritmos y Programacion I', 'Curso de introduccion al desarrollo de algoritmos mediante el uso de pseudocodigo, nociones basicas y estructuras de control. Primeros pasos para programar en lenguaje C (ANSI C).', 'profesor1', 10),
(2, 'Calculo I', 'Con este curso se pretende que el estudiante se familiarice con los conceptos propios del an', 'profesor2', 30);

--
-- Volcado de datos para la tabla `curso_estudiantes`
--

INSERT INTO `curso_estudiantes` (`id_curso_estudiante`, `id_curso`, `username_estudiante`) VALUES
(3, 2, 'henry'),
(5, 1, 'henry');

--
-- Volcado de datos para la tabla `estudiante_evaluacion`
--

INSERT INTO `estudiante_evaluacion` (`id_evaluacion_estudiante`, `id_evaluacion`, `id_curso_estudiante`, `calificacion`) VALUES
(9, 35, 5, NULL),
(10, 34, 5, 0),
(11, 38, 5, 0),
(12, 36, 5, NULL),
(13, 36, 5, 0),
(14, 41, 5, 0),
(15, 39, 5, 0),
(16, 42, 5, 0),
(17, 40, 5, 0),
(18, 43, 5, 0),
(28, 37, 5, NULL);

--
-- Volcado de datos para la tabla `evaluacion`
--

INSERT INTO `evaluacion` (`id_evaluacion`, `id_clase`, `porcentaje`, `tiempo_inicio`, `numero_max_tips`, `cant_dificil`, `cant_intermedio`, `cant_facil`, `puntuacion_dificil`, `puntuacion_intermedio`, `puntuacion_facil`, `tiempo_final`) VALUES
(2, 2, 0, '2014-07-16 00:00:00', 2, 2, 2, 4, 4, 3, 2, '2014-08-30 00:00:00'),
(3, 1, 2, '2014-08-01 00:00:00', 0, 0, 0, 0, 0, 0, 0, '2014-08-15 00:00:00'),
(4, 1, 2, '2014-08-01 00:00:00', 0, 0, 0, 0, 0, 0, 0, '2014-08-15 00:00:00'),
(5, 1, 2, '2014-08-01 00:00:00', 0, 0, 0, 0, 0, 0, 0, '2014-08-15 00:00:00'),
(6, 3, 5, '2014-08-02 00:00:00', 0, 0, 0, 0, 0, 0, 0, '2014-08-16 00:00:00'),
(7, 3, 5, '2014-08-02 00:00:00', 0, 0, 0, 0, 0, 0, 0, '2014-08-16 00:00:00'),
(8, 2, 3, '2014-08-01 00:00:00', 0, 0, 0, 0, 0, 0, 0, '2014-08-23 00:00:00'),
(9, 2, 3, '2014-08-01 00:00:00', 0, 0, 0, 0, 0, 0, 0, '2014-08-23 00:00:00'),
(10, 3, 10, '2014-07-16 00:00:00', 3, 2, 3, 4, 5, 2, 1, '2014-08-30 00:00:00'),
(11, 1, 12, '2014-08-10 00:00:00', 0, 0, 0, 0, 0, 0, 0, '2014-08-16 00:00:00'),
(12, 2, 9, '2014-08-01 00:00:00', 0, 0, 0, 0, 0, 0, 0, '2014-08-16 00:00:00'),
(13, 2, 9, '2014-08-01 00:00:00', 0, 0, 0, 0, 0, 0, 0, '2014-08-16 00:00:00'),
(14, 2, 9, '2014-08-01 00:00:00', 0, 0, 0, 0, 0, 0, 0, '2014-08-16 00:00:00'),
(15, 2, 9, '2014-08-01 00:00:00', 0, 0, 0, 0, 0, 0, 0, '2014-08-16 00:00:00'),
(16, 1, 2, '2014-08-01 00:00:00', 0, 0, 0, 0, 0, 0, 0, '2014-08-03 00:00:00'),
(17, 1, 2, '2014-08-01 00:00:00', 0, 0, 0, 0, 0, 0, 0, '2014-08-03 00:00:00'),
(18, 1, 2, '2014-08-01 00:00:00', 0, 0, 0, 0, 0, 0, 0, '2014-08-03 00:00:00'),
(19, 1, 2, '2014-08-01 00:00:00', 0, 0, 0, 0, 0, 0, 0, '2014-08-03 00:00:00'),
(20, 1, 2, '2014-08-01 00:00:00', 0, 0, 0, 0, 0, 0, 0, '2014-08-30 00:00:00'),
(21, 2, 3, '2014-08-02 00:00:00', 0, 0, 0, 0, 0, 0, 0, '2014-08-09 00:00:00'),
(22, 2, 8, '2014-08-02 00:00:00', 0, 0, 0, 0, 0, 0, 0, '2014-08-09 00:00:00'),
(23, 2, 3, '2014-08-02 00:00:00', 0, 0, 0, 0, 0, 0, 0, '2014-08-09 00:00:00'),
(24, 2, 3, '2014-08-02 00:00:00', 0, 0, 0, 0, 0, 0, 0, '2014-08-09 00:00:00'),
(25, 2, 3, '2014-08-02 00:00:00', 0, 0, 0, 0, 0, 0, 0, '2014-08-09 00:00:00'),
(26, 2, 3, '2014-08-02 00:00:00', 0, 0, 0, 0, 0, 0, 0, '2014-08-09 00:00:00'),
(27, 2, 3, '2014-08-02 00:00:00', 0, 0, 0, 0, 0, 0, 0, '2014-08-09 00:00:00'),
(28, 2, 3, '2014-08-02 00:00:00', 0, 0, 0, 0, 0, 0, 0, '2014-08-09 00:00:00'),
(29, 2, 2, '2014-08-26 00:00:00', 0, 0, 0, 0, 0, 0, 0, '2014-08-22 00:00:00'),
(30, 2, 3, '2014-08-28 00:00:00', 0, 1, 2, 4, 5, 3, 1, '2014-08-15 00:00:00'),
(31, 4, 2, '2014-08-28 00:00:00', 0, 0, 0, 0, 0, 0, 0, '2014-08-31 00:00:00'),
(32, 2, 12, '2014-09-30 00:00:00', 0, 0, 0, 0, 0, 0, 0, '2014-09-30 00:00:00'),
(34, 1, 12, '2014-10-13 03:20:00', 3, 1, 1, 1, 4, 2, 1, '2014-10-15 00:00:00'),
(35, 2, 3, '2014-10-13 00:00:00', 2, 2, 1, 1, 3, 2, 1, '2014-10-15 00:00:00'),
(36, 3, 2, '2014-10-07 00:00:00', 2, 2, 2, 2, 3, 2, 1, '2014-10-17 00:00:00'),
(37, 2, 5, '2014-10-08 00:00:00', 5, 2, 2, 2, 3, 2, 1, '2014-10-25 00:00:00'),
(38, 2, 2, '2014-10-08 00:00:00', 2, 2, 1, 1, 3, 2, 1, '2014-10-16 00:00:00'),
(39, 1, 2, '2014-10-08 00:00:00', 2, 2, 1, 1, 3, 2, 1, '2014-10-16 00:00:00'),
(40, 3, 0, '2014-10-09 00:00:00', 0, 2, 1, 1, 5, 3, 3, '2014-10-16 00:00:00'),
(41, 2, 0, '2014-10-08 00:00:00', 0, 2, 1, 1, 3, 2, 1, '2014-10-15 00:00:00'),
(42, 3, 2, '2014-10-09 00:00:00', 0, 2, 1, 1, 3, 2, 1, '2014-10-16 00:00:00'),
(43, 2, 2, '2014-10-09 00:00:00', 0, 2, 1, 1, 3, 2, 1, '2014-10-16 00:00:00');

--
-- Volcado de datos para la tabla `pregunta`
--

INSERT INTO `pregunta` (`id_pregunta`, `id_evaluacion`, `id_clase_pregunta`, `id_tipo_pregunta`, `texto_pregunta`) VALUES
(1, 10, 2, 1, 'Pregunta dificil 1'),
(2, 10, 2, 1, 'Pregunta Dificil 2'),
(3, 10, 3, 1, 'Pregunta dificil 3'),
(4, 10, 4, 2, 'Pregunta Intermedio 1'),
(5, 10, 4, 2, 'Pregunta Intermedio 2'),
(6, 10, 1, 2, 'Pregunta Intermedio 3'),
(7, 10, 1, 3, 'Pregunta Facil 1'),
(8, 10, 2, 3, 'Pregunta facil 2'),
(9, 10, 3, 3, 'Pregunta Facil 3'),
(10, 10, 4, 3, 'Pregunta Facil 4'),
(11, 2, 1, 1, 'text1'),
(12, 2, 3, 1, 'text2'),
(13, 2, 4, 2, 'texttext1'),
(14, 2, 3, 2, 'texttext2'),
(15, 2, 1, 3, 'textextext1'),
(16, 2, 1, 3, 'texttextext2'),
(17, 2, 1, 3, 'texttexttext3'),
(18, 2, 2, 3, 'texttextexttext4'),
(19, 2, 2, 1, 'text3'),
(20, 24, 1, 1, 'ajsajsja'),
(21, 24, 2, 1, 'zxjzjkxnzkjczkjxcz'),
(22, 26, 2, 1, 'ajajs'),
(23, 26, 3, 1, 'jsdsjdkfsjd'),
(24, 28, 1, 1, 'sjdfnsdfs'),
(25, 28, 1, 1, 'sdfsdfsdfsdf'),
(26, 29, 2, 1, 'sdfsdfs'),
(27, 29, 2, 1, 'sdfsdfsdf'),
(28, 29, 2, 1, 'jsdkfds'),
(29, 29, 2, 2, 'asadsadasd'),
(30, 29, 3, 2, 'asdsadfsdfsdfds'),
(31, 29, 2, 2, 'sdfsdfsdfs'),
(32, 30, 1, 1, 'ujujuj'),
(33, 30, 2, 2, 'sdjsfdsf'),
(34, 30, 4, 2, 'sdfsfsdfsdfs'),
(35, 30, 1, 3, '12313123'),
(36, 30, 2, 3, '323423432432'),
(37, 30, 4, 3, '5454545'),
(38, 30, 3, 3, 'ieierer'),
(52, 35, 1, 1, 'Que dia es hoy'),
(53, 35, 4, 1, 'Pregunta pareamiento'),
(54, 35, 3, 2, 'Verdadero o falso'),
(55, 35, 2, 3, 'Seleccion Multiple'),
(56, 35, 2, 3, 'Pregunta facil 2'),
(57, 35, 2, 3, 'pregunta facil 3'),
(58, 36, 1, 1, 'test 1'),
(59, 36, 1, 1, 'test 2'),
(60, 36, 2, 1, 'test 3'),
(61, 36, 2, 1, 'test 4'),
(62, 36, 1, 2, 'hola 1'),
(63, 36, 3, 2, 'hola 2'),
(64, 36, 4, 3, 'hola hola 1'),
(65, 36, 3, 3, 'hola hola 2'),
(66, 37, 1, 1, 'pregunta 1'),
(67, 37, 2, 1, 'pregunta 2'),
(68, 37, 3, 1, 'pegunta 3'),
(69, 37, 4, 1, 'pregunta 4'),
(70, 37, 1, 2, 'pregunta 2.1'),
(71, 37, 2, 2, 'pregunta 2.2'),
(72, 37, 3, 3, 'pregunta 3.1'),
(73, 37, 4, 3, 'pregunta 3.2'),
(74, 38, 1, 1, 'pregunta 1.1'),
(75, 38, 2, 1, 'pregunta 1.2'),
(76, 38, 3, 2, 'pregunta 2.1'),
(77, 38, 4, 3, 'pregunta 3.1'),
(78, 39, 1, 1, 'pregunta 1.1'),
(79, 39, 2, 1, 'pregunta 1.2'),
(80, 39, 3, 2, 'pregunta 2.1'),
(81, 39, 4, 2, 'pregunta 2.2'),
(82, 39, 4, 3, 'pregunta 3.1'),
(83, 40, 1, 1, 'dfgfdgf'),
(84, 40, 2, 1, 'gdfgfd'),
(85, 40, 3, 2, 'fdgdfgfdgfdgd243'),
(86, 40, 4, 3, 'wjiorjeoihreoi'),
(87, 41, 1, 1, 'pregunta 1.1'),
(88, 41, 2, 1, 'pregunta 1.2'),
(89, 41, 3, 2, 'pregunta 2.1'),
(90, 41, 4, 3, 'pregunta 3.1'),
(91, 42, 1, 1, 'pregunta 1.1'),
(92, 42, 2, 1, 'pregunta 1.2'),
(93, 42, 3, 2, 'pregunta 2.1'),
(94, 42, 4, 3, 'pregunta 3.1'),
(95, 43, 1, 1, 'pregunta 1.1'),
(96, 43, 2, 1, 'pregunta 1.2'),
(97, 43, 3, 2, 'pregunta 2.1'),
(98, 43, 4, 3, 'pregunta 3.1');

--
-- Volcado de datos para la tabla `recurso`
--

INSERT INTO `recurso` (`id_recurso`, `id_clase`, `nombre_recurso`, `ubicacion_recurso`, `duracion_recurso`, `peso_recurso`) VALUES
(1, 1, 'holamundo.ppt', 'C:/xampp/htdocs/Tesis/resources/holamundo/', NULL, 153),
(2, 2, 'CapaAplicacion.ppt', 'C:/xampp/htdocs/Prueba1/resources/CapaAplicacion/', NULL, 480),
(3, 3, 'recursividad.ppt', 'C:/xampp/htdocs/Prueba1/resources/recursividad273/', NULL, 770);

--
-- Volcado de datos para la tabla `respuesta`
--

INSERT INTO `respuesta` (`id_respuesta`, `id_pregunta`, `id_tipo_respuesta`, `texto_respuesta`, `texto_respuesta_b`) VALUES
(1, 10, 1, 'asdasd', NULL),
(2, 10, 1, '1234', '5678'),
(3, 10, 1, 'asda', 'dsadasda'),
(4, 10, 1, '1124', 'asdasda'),
(5, 7, 1, 'sa', NULL),
(9, 10, 1, '323', '23234'),
(10, 10, 1, '154', '5465465'),
(14, 3, 1, 'Verdadero', NULL),
(15, 9, 1, 'Falso', NULL),
(16, 11, 1, 'respuesta1 correcta', NULL),
(17, 11, 2, 'respuesta1 incorrecta', NULL),
(18, 12, 1, 'Verdadero', NULL),
(19, 11, 2, 'respuesta2 incorrecta', NULL),
(20, 13, 1, 'par a', 'par a'),
(21, 13, 1, 'par b', 'par b'),
(22, 13, 1, 'par c', NULL),
(23, 14, 1, 'Falso', NULL),
(24, 15, 1, 'respuesta1 correcta ', NULL),
(25, 15, 2, 'respuesta1 incorrecta', NULL),
(26, 15, 2, 'respuesta2 incorrecta', NULL),
(27, 16, 1, 'respuesta1 correcta', NULL),
(28, 16, 2, 'respuesta1 incorrecta', NULL),
(29, 16, 1, 'respuesta2 correcta', NULL),
(30, 16, 2, 'respuesta2 incorrecta', NULL),
(31, 17, 1, 'res1 true', NULL),
(32, 17, 1, 'res2 true', NULL),
(33, 17, 2, 'res1 false', NULL),
(34, 17, 1, 'res3 true', NULL),
(35, 17, 2, 'res2 false', NULL),
(36, 18, 1, 'res1 true', NULL),
(37, 18, 2, 'res1 false', NULL),
(38, 18, 1, 'res2 true', NULL),
(39, 18, 1, 'res3 true', NULL),
(40, 18, 2, 'res2 false', NULL),
(41, 19, 1, 'respuesta1 correcta', NULL),
(42, 19, 1, 'respuesta2 correcta', NULL),
(43, 19, 2, 'respuesta1 incorrecta', NULL),
(44, 19, 1, 'respuesta3 correcta', NULL),
(45, 19, 1, 'respuesta4 correcta', NULL),
(66, 52, 2, 'Martes', NULL),
(67, 52, 1, 'Lunes', NULL),
(68, 52, 2, 'Miercoles', NULL),
(69, 53, 1, 'PAR 1', 'PAR 1'),
(70, 53, 1, 'PAR 2', ''),
(71, 53, 1, 'PAR 3', 'PAR 3'),
(72, 54, 1, 'Falso', NULL),
(73, 55, 1, 'Respuesta 1', NULL),
(74, 55, 1, 'Respuesta 2', NULL),
(75, 55, 2, 'Respuesta 3', NULL),
(76, 56, 1, 'Respuesta 1', NULL),
(77, 56, 2, 'Respuesta 2', NULL),
(78, 56, 1, 'Respuesta 3', NULL),
(79, 57, 1, 'Respuseta 1', NULL),
(80, 57, 1, 'Respuesta 2', NULL),
(81, 95, 1, 'respuesta correcta', NULL),
(82, 95, 2, 'respuesta incorrecta 1', NULL),
(83, 95, 2, 'respuesta incorrecta 2', NULL),
(84, 95, 2, 'respuesta incorrecta 3', NULL),
(85, 95, 2, 'respuesta incorrecta 4', NULL),
(86, 95, 2, 'respuesta 5', NULL),
(87, 95, 2, 'respuesta 6', NULL),
(88, 95, 2, 'respuesta 7', NULL),
(89, 96, 1, 'respusta correcta 1', NULL),
(90, 96, 1, 'respuesta 2', NULL),
(91, 96, 2, 'respuesta 3', NULL),
(92, 95, 1, 'respusta 3', NULL),
(93, 95, 2, 'sdfdsfdsf', NULL),
(94, 95, 2, 'fdsfsdf', NULL);

--
-- Volcado de datos para la tabla `respuesta_estudiante`
--

INSERT INTO `respuesta_estudiante` (`id_respuesta_estudiante`, `id_estudiante_evaluacion`, `id_pregunta`, `texto_respuesta`, `texto_respuesta_b`) VALUES
(101, 9, 56, 'Respuesta 2', NULL),
(102, 9, 56, 'Respuesta 1', NULL),
(103, 14, 89, 'Verdadero', NULL);

--
-- Volcado de datos para la tabla `tema`
--

INSERT INTO `tema` (`id_tema`, `id_curso`, `nombre_tema`, `descripcion_tema`) VALUES
(1, 1, 'Introduccion a los algoritmos', 'Introduccion al uso de algoritmos'),
(2, 2, 'L', 'Establecer el concepto de l');

--
-- Volcado de datos para la tabla `tipo_pregunta`
--

INSERT INTO `tipo_pregunta` (`id_tipo_pregunta`, `nombre_tipo_pregunta`) VALUES
(1, 'Dificil'),
(3, 'Facil'),
(2, 'Intermedio');

--
-- Volcado de datos para la tabla `tipo_respuesta`
--

INSERT INTO `tipo_respuesta` (`id_tipo_respuesta`, `nombre_tipo_respuesta`) VALUES
(1, 'Correcta'),
(2, 'Incorrecta');

/*!40101 SET CHARACTER_SET_CLIENT=@OLD_CHARACTER_SET_CLIENT */;
/*!40101 SET CHARACTER_SET_RESULTS=@OLD_CHARACTER_SET_RESULTS */;
/*!40101 SET COLLATION_CONNECTION=@OLD_COLLATION_CONNECTION */;
